Area,latitude,longitude,1961,1962,1963,1964,1965,1966,1967,1968,1969,1970,1971,1972,1973,1974,1975,1976,1977,1978,1979,1980,1981,1982,1983,1984,1985,1986,1987,1988,1989,1990,1991,1992,1993,1994,1995,1996,1997,1998,1999,2000,2001,2002,2003,2004,2005,2006,2007,2008,2009,2010,2011,2012,2013,suma
Afghanistan,33.94,67.71,329.0,343.0,363.0,383.0,399.0,404.0,437.0,448.0,458.0,424.0,494.0,420.0,413.0,425.0,428.0,473.0,378.0,430.0,436.0,456.0,456.0,470.0,464.0,447.0,433.0,392.0,396.0,384.0,373.0,436.0,434.0,435.0,454.0,444.0,480.0,499.0,526.0,528.0,578.0,604.0,723.0,599.0,805.0,633.0,920.0,956.0,950.0,901.0,1056.0,977.0,865.0,910,885,86262.0
Albania,41.15,20.17,120.0,123.0,148.0,157.0,153.0,106.0,105.0,104.0,120.0,171.0,160.0,171.0,174.0,182.0,163.0,200.0,213.0,223.0,222.0,203.0,227.0,234.0,264.0,245.0,213.0,236.0,224.0,170.0,223.0,275.0,304.0,448.0,505.0,529.0,481.0,553.0,496.0,541.0,512.0,518.0,535.0,562.0,600.0,593.0,594.0,605.0,587.0,650.0,636.0,748.0,791.0,796,778,56673.0
Algeria,28.03,1.66,368.0,389.0,376.0,365.0,345.0,356.0,326.0,392.0,398.0,455.0,506.0,484.0,535.0,591.0,796.0,641.0,662.0,644.0,749.0,935.0,939.0,864.0,981.0,1120.0,1513.0,1754.0,1835.0,1739.0,1965.0,1565.0,2082.0,2165.0,2228.0,2117.0,2460.0,2252.0,2266.0,2427.0,2692.0,2405.0,2627.0,2717.0,3230.0,3902.0,3970.0,3801.0,3783.0,3707.0,4586.0,4983.0,5369.0,5884,6497,308214.0
Angola,-11.2,17.87,153.0,155.0,158.0,162.0,163.0,166.0,169.0,173.0,175.0,176.0,181.0,169.0,182.0,189.0,178.0,188.0,194.0,202.0,204.0,208.0,211.0,212.0,211.0,213.0,210.0,218.0,223.0,227.0,230.0,234.0,238.0,234.0,234.0,232.0,240.0,255.0,249.0,254.0,241.0,279.0,289.0,313.0,322.0,375.0,360.0,411.0,393.0,892.0,1260.0,1320.0,1449.0,1375,1453,55206.0
Antigua and Barbuda,17.06,-61.8,0.0,0.0,1.0,1.0,1.0,1.0,1.0,1.0,1.0,2.0,2.0,2.0,1.0,1.0,1.0,1.0,1.0,1.0,2.0,2.0,3.0,3.0,3.0,3.0,3.0,3.0,3.0,4.0,4.0,4.0,5.0,5.0,4.0,3.0,4.0,3.0,3.0,4.0,4.0,4.0,3.0,3.0,3.0,3.0,8.0,5.0,4.0,5.0,4.0,4.0,6.0,6,7,468.0
Argentina,-38.42,-63.62,1715.0,1770.0,1681.0,1808.0,1808.0,1811.0,1926.0,1864.0,1956.0,1971.0,1936.0,1926.0,2033.0,2016.0,2284.0,2022.0,1860.0,1997.0,2158.0,2195.0,1813.0,2193.0,2167.0,2130.0,2380.0,2477.0,2365.0,2413.0,2302.0,2365.0,2509.0,2650.0,2547.0,2597.0,2716.0,2574.0,2377.0,2624.0,2880.0,2650.0,2681.0,2684.0,2605.0,2558.0,2715.0,2523.0,2654.0,2663.0,2636.0,2687.0,2868.0,3001,2858,367797.0
Armenia,40.07,45.04,,,,,,,,,,,,,,,,,,,,,,,,,,,,,,,,457.0,335.0,431.0,425.0,425.0,364.0,380.0,427.0,370.0,380.0,490.0,571.0,659.0,719.0,873.0,986.0,968.0,958.0,849.0,912.0,1016,1039,42102.0
Australia,-25.27,133.78,646.0,657.0,654.0,683.0,719.0,787.0,786.0,791.0,864.0,805.0,904.0,897.0,845.0,896.0,922.0,894.0,945.0,1115.0,983.0,1004.0,1013.0,1068.0,1125.0,1174.0,1252.0,1236.0,1279.0,1328.0,1461.0,1482.0,1492.0,1452.0,1399.0,1576.0,1558.0,1686.0,1663.0,1698.0,1700.0,1887.0,2047.0,1866.0,1812.0,2032.0,2008.0,2034.0,2118.0,2214.0,2138.0,2192.0,2180.0,2303,2400,218010.0
Austria,47.52,14.55,473.0,434.0,542.0,516.0,550.0,540.0,518.0,532.0,502.0,505.0,537.0,559.0,572.0,589.0,649.0,528.0,625.0,605.0,668.0,665.0,701.0,708.0,407.0,501.0,499.0,531.0,546.0,509.0,518.0,534.0,531.0,516.0,524.0,554.0,640.0,658.0,651.0,590.0,742.0,658.0,760.0,740.0,743.0,836.0,767.0,785.0,797.0,849.0,848.0,888.0,922.0,879,881,99966.0
Azerbaijan,40.14,47.58,,,,,,,,,,,,,,,,,,,,,,,,,,,,,,,,414.0,453.0,437.0,445.0,604.0,565.0,544.0,741.0,806.0,979.0,1136.0,1289.0,1315.0,1441.0,1482.0,1581.0,1504.0,1465.0,1575.0,1622.0,1584,1567,70647.0
Bahamas,25.03,-77.4,17.0,17.0,17.0,18.0,18.0,22.0,22.0,24.0,26.0,26.0,27.0,27.0,26.0,26.0,27.0,26.0,25.0,27.0,28.0,26.0,21.0,30.0,31.0,32.0,32.0,36.0,34.0,37.0,38.0,37.0,35.0,35.0,35.0,33.0,33.0,33.0,34.0,35.0,32.0,39.0,38.0,32.0,35.0,32.0,39.0,41.0,41.0,40.0,37.0,37.0,36.0,46,48,4938.0
Bangladesh,23.68,90.36,824.0,800.0,826.0,853.0,914.0,1024.0,1103.0,1156.0,1127.0,1148.0,1130.0,947.0,892.0,890.0,995.0,964.0,911.0,966.0,973.0,982.0,947.0,1034.0,1068.0,1093.0,1089.0,1089.0,1085.0,1143.0,1203.0,1308.0,1321.0,1376.0,1345.0,1367.0,1365.0,1404.0,1447.0,1470.0,1658.0,1661.0,1658.0,1761.0,2024.0,2275.0,2408.0,2762.0,3105.0,3887.0,3966.0,3918.0,3979.0,4168,4281,255270.0
Barbados,13.19,-59.54,3.0,3.0,3.0,3.0,3.0,4.0,4.0,5.0,5.0,6.0,7.0,8.0,8.0,8.0,7.0,8.0,9.0,10.0,12.0,12.0,13.0,13.0,15.0,11.0,9.0,10.0,11.0,11.0,11.0,11.0,12.0,10.0,12.0,11.0,20.0,20.0,17.0,15.0,19.0,17.0,20.0,20.0,23.0,19.0,22.0,22.0,23.0,21.0,23.0,21.0,22.0,20,20,2016.0
Belarus,53.71,27.95,,,,,,,,,,,,,,,,,,,,,,,,,,,,,,,,788.0,816.0,826.0,855.0,902.0,900.0,892.0,911.0,945.0,991.0,1033.0,1061.0,1166.0,1257.0,1331.0,1364.0,1410.0,1436.0,1440.0,1376.0,1404,1411,73545.0
Belgium,50.5,4.47,,,,,,,,,,,,,,,,,,,,,,,,,,,,,,,,,,,,,,,,1226.0,1191.0,1295.0,1336.0,1304.0,1310.0,1298.0,1378.0,1392.0,1400.0,1281.0,1422.0,1441,1515,56367.0
Belize,17.19,-88.5,2.0,2.0,2.0,2.0,2.0,2.0,2.0,2.0,2.0,2.0,2.0,2.0,3.0,3.0,3.0,3.0,4.0,4.0,4.0,4.0,4.0,4.0,4.0,4.0,4.0,4.0,4.0,5.0,6.0,5.0,7.0,11.0,11.0,7.0,7.0,8.0,9.0,12.0,11.0,14.0,13.0,14.0,16.0,12.0,11.0,12.0,11.0,13.0,13.0,15.0,15.0,15,15,1104.0
Benin,9.31,2.32,41.0,44.0,48.0,51.0,56.0,53.0,60.0,61.0,66.0,75.0,76.0,72.0,81.0,73.0,77.0,85.0,85.0,97.0,127.0,121.0,146.0,137.0,155.0,144.0,155.0,181.0,168.0,199.0,196.0,208.0,209.0,235.0,234.0,276.0,261.0,301.0,312.0,318.0,388.0,365.0,335.0,369.0,379.0,363.0,407.0,407.0,360.0,400.0,353.0,348.0,318.0,534,592,33606.0
Bermuda,32.32,-64.76,4.0,4.0,4.0,4.0,4.0,5.0,5.0,4.0,4.0,5.0,4.0,5.0,5.0,6.0,5.0,6.0,6.0,6.0,7.0,7.0,7.0,7.0,7.0,7.0,7.0,7.0,8.0,8.0,9.0,9.0,9.0,9.0,9.0,11.0,12.0,10.0,10.0,9.0,7.0,7.0,7.0,7.0,8.0,8.0,7.0,8.0,7.0,7.0,7.0,8.0,7.0,8,11,1107.0
Bolivia (Plurinational State of),-16.29,-63.59,199.0,207.0,217.0,219.0,250.0,276.0,287.0,294.0,238.0,260.0,262.0,283.0,301.0,307.0,312.0,329.0,319.0,295.0,271.0,325.0,279.0,320.0,184.0,283.0,300.0,323.0,337.0,347.0,347.0,340.0,371.0,344.0,362.0,376.0,406.0,431.0,453.0,432.0,456.0,467.0,467.0,473.0,427.0,432.0,444.0,341.0,347.0,344.0,337.0,332.0,344.0,342,336,52725.0
Bosnia and Herzegovina,43.92,17.68,,,,,,,,,,,,,,,,,,,,,,,,,,,,,,,,528.0,522.0,519.0,555.0,544.0,630.0,684.0,666.0,483.0,530.0,608.0,677.0,756.0,764.0,765.0,737.0,775.0,755.0,732.0,722.0,727,766,43335.0
Botswana,-22.33,24.68,9.0,9.0,9.0,9.0,10.0,11.0,10.0,11.0,11.0,11.0,12.0,12.0,13.0,14.0,15.0,16.0,18.0,21.0,24.0,22.0,24.0,21.0,21.0,22.0,23.0,24.0,24.0,25.0,36.0,35.0,43.0,41.0,48.0,45.0,38.0,41.0,44.0,44.0,46.0,80.0,62.0,77.0,61.0,49.0,45.0,50.0,71.0,65.0,60.0,74.0,73.0,72,78,5487.0
Brazil,-14.24,-51.93,1833.0,1952.0,1932.0,2034.0,2039.0,2169.0,2241.0,2325.0,2319.0,2349.0,2520.0,2572.0,2600.0,2886.0,2812.0,2982.0,3195.0,3406.0,3614.0,3664.0,3677.0,3971.0,3915.0,4183.0,4257.0,4238.0,4750.0,4991.0,4814.0,5135.0,5221.0,5003.0,5347.0,5874.0,6254.0,6067.0,6319.0,6338.0,6782.0,6568.0,6755.0,7984.0,8547.0,8211.0,8130.0,8704.0,8808.0,9070.0,9981.0,10366.0,10608.0,10111,10325,818244.0
Brunei Darussalam,4.54,114.73,3.0,3.0,3.0,5.0,4.0,6.0,5.0,6.0,6.0,7.0,7.0,8.0,8.0,8.0,8.0,9.0,11.0,10.0,11.0,12.0,16.0,14.0,14.0,11.0,11.0,12.0,12.0,14.0,15.0,15.0,17.0,18.0,20.0,25.0,27.0,28.0,27.0,29.0,22.0,24.0,28.0,30.0,32.0,30.0,31.0,21.0,20.0,24.0,25.0,23.0,23.0,24,38,2580.0
Bulgaria,42.73,25.49,831.0,857.0,955.0,998.0,869.0,1103.0,995.0,863.0,860.0,896.0,895.0,850.0,880.0,956.0,966.0,930.0,1030.0,1075.0,1229.0,1055.0,1188.0,1265.0,1141.0,1237.0,1158.0,1140.0,1387.0,1263.0,1073.0,1127.0,968.0,1017.0,956.0,984.0,1085.0,997.0,1027.0,1336.0,1221.0,1135.0,917.0,817.0,1045.0,835.0,488.0,702.0,570.0,584.0,557.0,570.0,526.0,460,487,151068.0
Burkina Faso,12.24,-1.56,118.0,118.0,120.0,122.0,121.0,120.0,120.0,120.0,120.0,121.0,122.0,126.0,127.0,125.0,125.0,127.0,128.0,132.0,134.0,140.0,149.0,153.0,165.0,169.0,176.0,170.0,183.0,191.0,200.0,208.0,213.0,224.0,232.0,260.0,242.0,311.0,313.0,318.0,333.0,343.0,339.0,358.0,383.0,406.0,399.0,415.0,225.0,249.0,244.0,278.0,266.0,269,286,33468.0
Cabo Verde,16.0,-24.01,2.0,1.0,2.0,2.0,2.0,2.0,2.0,2.0,2.0,2.0,2.0,2.0,2.0,2.0,2.0,2.0,2.0,1.0,2.0,1.0,2.0,1.0,2.0,3.0,3.0,2.0,10.0,8.0,9.0,9.0,6.0,11.0,10.0,9.0,10.0,15.0,16.0,16.0,21.0,29.0,32.0,34.0,35.0,38.0,42.0,43.0,45.0,48.0,41.0,47.0,55.0,58,60,2421.0
Cambodia,12.57,104.99,326.0,344.0,360.0,387.0,387.0,387.0,396.0,405.0,414.0,425.0,426.0,435.0,415.0,406.0,414.0,414.0,405.0,342.0,392.0,288.0,315.0,360.0,378.0,387.0,405.0,414.0,419.0,423.0,423.0,428.0,423.0,430.0,435.0,439.0,405.0,413.0,414.0,419.0,423.0,461.0,428.0,429.0,427.0,454.0,435.0,436.0,441.0,416.0,484.0,480.0,564.0,569,565,66330.0
Cameroon,7.37,12.35,225.0,201.0,204.0,221.0,247.0,255.0,264.0,275.0,281.0,298.0,304.0,323.0,346.0,360.0,376.0,388.0,393.0,347.0,358.0,377.0,394.0,407.0,412.0,420.0,429.0,447.0,448.0,456.0,469.0,538.0,558.0,604.0,631.0,671.0,706.0,736.0,799.0,860.0,1185.0,1241.0,1237.0,1290.0,1301.0,1324.0,1437.0,1646.0,1847.0,1893.0,2012.0,2033.0,2172.0,2334,2382,124086.0
Canada,56.13,-106.35,1475.0,1537.0,1465.0,1538.0,1650.0,1591.0,1647.0,1749.0,1600.0,1801.0,1772.0,1732.0,1964.0,2043.0,2184.0,2225.0,2258.0,2454.0,2494.0,2362.0,2593.0,2799.0,2670.0,2938.0,2831.0,2770.0,2962.0,2925.0,3134.0,3238.0,3010.0,3228.0,3427.0,3450.0,3488.0,3620.0,3625.0,3690.0,3776.0,3689.0,3741.0,3929.0,3866.0,3906.0,3843.0,3950.0,4045.0,3806.0,3816.0,3777.0,3896.0,4012,3816,455421.0
Central African Republic,6.61,20.94,28.0,28.0,29.0,30.0,31.0,32.0,34.0,34.0,35.0,36.0,37.0,38.0,38.0,39.0,39.0,40.0,42.0,43.0,45.0,46.0,47.0,49.0,50.0,52.0,54.0,55.0,56.0,59.0,60.0,61.0,63.0,64.0,67.0,69.0,76.0,69.0,75.0,77.0,80.0,81.0,81.0,86.0,87.0,86.0,89.0,90.0,95.0,95.0,97.0,85.0,87.0,91,86,9429.0
Chad,15.45,18.73,36.0,36.0,36.0,37.0,37.0,38.0,38.0,41.0,41.0,37.0,37.0,36.0,32.0,36.0,41.0,44.0,47.0,50.0,51.0,52.0,57.0,63.0,66.0,61.0,67.0,67.0,67.0,67.0,67.0,67.0,68.0,69.0,68.0,68.0,91.0,93.0,91.0,86.0,90.0,88.0,96.0,101.0,102.0,105.0,108.0,130.0,89.0,93.0,96.0,90.0,93.0,96,99,10686.0
Chile,-35.68,-71.54,879.0,883.0,933.0,928.0,972.0,995.0,950.0,925.0,945.0,958.0,944.0,952.0,920.0,923.0,970.0,974.0,981.0,1275.0,1477.0,1417.0,1491.0,1447.0,1407.0,1376.0,1060.0,1088.0,1145.0,1240.0,1280.0,1217.0,1360.0,1239.0,1517.0,1679.0,1667.0,1758.0,1366.0,1411.0,1422.0,1533.0,1513.0,1606.0,1732.0,1700.0,1663.0,1648.0,1268.0,1343.0,1307.0,1125.0,1189.0,1258,1264,199560.0
"China, Hong Kong SAR",22.4,114.11,167.0,192.0,190.0,188.0,235.0,308.0,318.0,291.0,315.0,342.0,349.0,349.0,340.0,369.0,367.0,385.0,401.0,404.0,439.0,471.0,458.0,489.0,483.0,430.0,431.0,435.0,379.0,431.0,420.0,402.0,382.0,362.0,375.0,396.0,423.0,390.0,349.0,387.0,481.0,651.0,649.0,663.0,652.0,663.0,621.0,650.0,725.0,693.0,694.0,684.0,802.0,892,808,72510.0
"China, Macao SAR",22.2,113.54,12.0,10.0,10.0,7.0,9.0,9.0,8.0,8.0,8.0,9.0,9.0,10.0,10.0,9.0,10.0,12.0,13.0,15.0,19.0,31.0,21.0,34.0,27.0,25.0,28.0,27.0,26.0,26.0,30.0,31.0,33.0,33.0,33.0,33.0,34.0,36.0,34.0,36.0,39.0,40.0,39.0,43.0,41.0,42.0,44.0,49.0,52.0,52.0,48.0,47.0,54.0,58,59,4446.0
"China, Taiwan Province of",23.7,120.96,659.0,674.0,748.0,755.0,756.0,697.0,716.0,828.0,972.0,1118.0,1153.0,1261.0,1393.0,1448.0,1598.0,1717.0,1859.0,1984.0,2116.0,2319.0,2085.0,2220.0,2291.0,2306.0,2454.0,2316.0,2535.0,2453.0,2239.0,2138.0,2283.0,2363.0,2433.0,2284.0,2531.0,2712.0,2723.0,2683.0,3160.0,2948.0,2805.0,3180.0,2887.0,2847.0,2576.0,2754.0,2498.0,2517.0,2574.0,2579.0,2692.0,2604,2598,327117.0
"China, mainland",35.86,104.2,52968.0,49318.0,43635.0,39097.0,41449.0,40808.0,41524.0,43742.0,45077.0,36375.0,40620.0,37069.0,41444.0,41519.0,42878.0,42458.0,44566.0,49398.0,49720.0,47949.0,55676.0,59900.0,67862.0,77006.0,83353.0,98119.0,102903.0,110505.0,112335.0,115743.0,118523.0,133090.0,155981.0,171463.0,184812.0,206540.0,221456.0,229928.0,255625.0,311110.0,327370.0,352172.0,354850.0,360767.0,373694.0,388100.0,402975.0,425537.0,434724.0,451838.0,462696.0,479028,489299,27139782.0
Colombia,4.57,-74.3,372.0,405.0,437.0,473.0,506.0,615.0,647.0,681.0,715.0,754.0,785.0,814.0,830.0,862.0,915.0,1170.0,1164.0,1180.0,1187.0,1218.0,1213.0,1075.0,1094.0,1144.0,1313.0,1405.0,1241.0,1305.0,1231.0,1263.0,901.0,795.0,837.0,910.0,1085.0,1320.0,1555.0,1398.0,1378.0,1572.0,1399.0,1434.0,1598.0,1551.0,1602.0,1439.0,1549.0,1704.0,1791.0,1788.0,1813.0,1956,2042,184293.0
Congo,-0.23,15.83,17.0,17.0,17.0,18.0,18.0,18.0,16.0,20.0,19.0,20.0,20.0,22.0,22.0,23.0,25.0,27.0,27.0,29.0,29.0,31.0,30.0,33.0,33.0,33.0,34.0,34.0,35.0,37.0,37.0,75.0,81.0,88.0,87.0,86.0,86.0,95.0,102.0,102.0,108.0,132.0,122.0,125.0,133.0,160.0,112.0,124.0,121.0,129.0,143.0,158.0,156.0,164,167,10791.0
Costa Rica,9.75,-83.75,24.0,26.0,26.0,28.0,29.0,31.0,32.0,33.0,35.0,36.0,36.0,38.0,37.0,40.0,42.0,44.0,44.0,44.0,45.0,47.0,49.0,49.0,53.0,57.0,61.0,64.0,70.0,76.0,83.0,97.0,98.0,120.0,120.0,126.0,120.0,121.0,146.0,173.0,147.0,157.0,183.0,188.0,184.0,195.0,169.0,251.0,235.0,256.0,244.0,225.0,227.0,211,242,16542.0
Croatia,45.1,15.2,,,,,,,,,,,,,,,,,,,,,,,,,,,,,,,,257.0,307.0,366.0,405.0,429.0,439.0,479.0,528.0,443.0,497.0,536.0,450.0,316.0,297.0,352.0,384.0,389.0,423.0,351.0,357.0,304,345,25962.0
Cuba,21.52,-77.78,238.0,258.0,239.0,286.0,258.0,255.0,301.0,215.0,124.0,128.0,191.0,161.0,251.0,445.0,378.0,341.0,301.0,284.0,290.0,420.0,549.0,467.0,420.0,451.0,526.0,491.0,471.0,589.0,502.0,438.0,437.0,540.0,413.0,339.0,438.0,550.0,524.0,653.0,1090.0,1416.0,1573.0,1603.0,1937.0,1778.0,1851.0,1790.0,1737.0,1674.0,1766.0,1415.0,1462.0,1445,1637,115008.0
Cyprus,35.13,33.43,48.0,52.0,64.0,59.0,72.0,72.0,79.0,82.0,79.0,80.0,90.0,89.0,89.0,74.0,69.0,64.0,64.0,65.0,71.0,66.0,64.0,63.0,68.0,75.0,80.0,82.0,89.0,87.0,98.0,98.0,100.0,101.0,104.0,98.0,118.0,113.0,116.0,131.0,138.0,125.0,132.0,133.0,128.0,126.0,134.0,130.0,128.0,116.0,116.0,119.0,121.0,115,110,14952.0
Czechia,49.82,15.47,,,,,,,,,,,,,,,,,,,,,,,,,,,,,,,,,729.0,718.0,765.0,803.0,776.0,801.0,842.0,779.0,769.0,744.0,725.0,715.0,809.0,798.0,780.0,808.0,755.0,745.0,785.0,726,772,48432.0
CÃ´te d'Ivoire,7.54,-5.55,108.0,152.0,135.0,131.0,140.0,152.0,155.0,162.0,179.0,176.0,186.0,191.0,187.0,205.0,241.0,249.0,259.0,275.0,280.0,331.0,359.0,373.0,359.0,412.0,407.0,401.0,419.0,433.0,438.0,591.0,605.0,613.0,624.0,669.0,657.0,796.0,790.0,778.0,785.0,803.0,714.0,732.0,573.0,619.0,710.0,694.0,697.0,701.0,744.0,723.0,729.0,819,810,73413.0
Democratic People's Republic of Korea,40.34,127.51,1026.0,1053.0,1076.0,1113.0,1134.0,1159.0,1188.0,1222.0,1248.0,1281.0,1422.0,1497.0,1592.0,1691.0,1927.0,1995.0,2032.0,2188.0,2235.0,2279.0,2444.0,2584.0,2660.0,2893.0,3016.0,3201.0,3281.0,3356.0,3638.0,3962.0,3963.0,3619.0,3230.0,3348.0,2999.0,3012.0,2925.0,3184.0,3267.0,3391.0,3426.0,3473.0,3529.0,3524.0,3557.0,3447.0,3351.0,3524.0,3547.0,3403.0,3005.0,3104,3104,414975.0
Denmark,56.26,9.5,188.0,188.0,215.0,193.0,168.0,218.0,189.0,197.0,189.0,261.0,224.0,216.0,231.0,231.0,210.0,254.0,302.0,250.0,308.0,295.0,338.0,350.0,326.0,362.0,404.0,426.0,405.0,416.0,395.0,361.0,376.0,417.0,393.0,402.0,375.0,400.0,452.0,427.0,493.0,477.0,480.0,509.0,536.0,554.0,529.0,542.0,531.0,550.0,645.0,671.0,680.0,612,592,59859.0
Djibouti,11.83,42.59,1.0,1.0,1.0,1.0,1.0,2.0,2.0,2.0,2.0,2.0,3.0,3.0,3.0,4.0,4.0,4.0,4.0,4.0,7.0,20.0,23.0,24.0,22.0,29.0,29.0,30.0,32.0,34.0,30.0,36.0,27.0,24.0,26.0,21.0,28.0,21.0,22.0,23.0,24.0,24.0,24.0,28.0,30.0,25.0,57.0,52.0,44.0,41.0,48.0,57.0,59.0,60,60,3555.0
Dominica,15.41,-61.37,3.0,3.0,3.0,3.0,3.0,3.0,3.0,3.0,3.0,3.0,3.0,3.0,3.0,3.0,3.0,3.0,3.0,3.0,6.0,6.0,6.0,6.0,6.0,6.0,6.0,7.0,6.0,5.0,5.0,5.0,6.0,6.0,5.0,5.0,5.0,6.0,5.0,7.0,7.0,6.0,8.0,8.0,8.0,8.0,8.0,7.0,7.0,6.0,6.0,5.0,5.0,7,7,816.0
Dominican Republic,18.74,-70.16,43.0,47.0,48.0,54.0,63.0,89.0,93.0,100.0,100.0,100.0,103.0,107.0,161.0,166.0,183.0,213.0,161.0,164.0,156.0,192.0,187.0,191.0,204.0,204.0,201.0,205.0,237.0,221.0,217.0,186.0,189.0,196.0,182.0,188.0,188.0,288.0,339.0,346.0,388.0,369.0,453.0,408.0,461.0,451.0,506.0,432.0,396.0,433.0,449.0,466.0,558.0,519,514,39345.0
Ecuador,-1.83,-78.18,257.0,349.0,340.0,400.0,356.0,334.0,332.0,244.0,262.0,259.0,246.0,225.0,186.0,197.0,218.0,251.0,213.0,208.0,182.0,213.0,242.0,212.0,217.0,276.0,279.0,253.0,279.0,368.0,335.0,304.0,309.0,318.0,314.0,281.0,262.0,273.0,290.0,316.0,243.0,282.0,232.0,268.0,236.0,307.0,319.0,312.0,319.0,338.0,386.0,421.0,391.0,406,364,45672.0
Egypt,26.82,30.8,3139.0,3500.0,3830.0,3945.0,4177.0,4514.0,4172.0,4526.0,4642.0,4558.0,4837.0,4707.0,4858.0,5221.0,5666.0,5950.0,5638.0,6008.0,6434.0,6552.0,6667.0,6717.0,6853.0,7130.0,8004.0,9044.0,9585.0,8583.0,7889.0,8207.0,7815.0,8251.0,8310.0,8522.0,9111.0,10465.0,11058.0,11038.0,12412.0,13372.0,12358.0,12761.0,13725.0,14040.0,14663.0,16036.0,16679.0,17461.0,18820.0,16947.0,16370.0,17229,15891,1436661.0
El Salvador,13.79,-88.9,83.0,86.0,91.0,97.0,102.0,114.0,117.0,125.0,131.0,140.0,134.0,128.0,118.0,113.0,114.0,113.0,106.0,114.0,120.0,137.0,137.0,144.0,155.0,165.0,183.0,178.0,169.0,193.0,195.0,193.0,153.0,162.0,127.0,125.0,157.0,143.0,164.0,165.0,193.0,288.0,297.0,327.0,318.0,342.0,416.0,475.0,484.0,504.0,403.0,376.0,399.0,424,395,32496.0
Estonia,58.6,25.01,,,,,,,,,,,,,,,,,,,,,,,,,,,,,,,,93.0,73.0,92.0,76.0,87.0,92.0,94.0,98.0,94.0,107.0,105.0,133.0,111.0,110.0,108.0,131.0,126.0,140.0,142.0,158.0,135,148,7359.0
Ethiopia,9.15,40.49,,,,,,,,,,,,,,,,,,,,,,,,,,,,,,,,,649.0,665.0,682.0,699.0,751.0,733.0,767.0,773.0,801.0,886.0,922.0,1107.0,1230.0,1115.0,995.0,1117.0,1290.0,1608.0,1586.0,1735,1694,65415.0
Fiji,-16.58,179.41,4.0,4.0,5.0,6.0,6.0,5.0,5.0,7.0,6.0,7.0,7.0,8.0,8.0,9.0,9.0,9.0,10.0,10.0,10.0,9.0,9.0,9.0,9.0,10.0,13.0,13.0,19.0,13.0,14.0,14.0,15.0,17.0,28.0,24.0,26.0,26.0,25.0,25.0,32.0,30.0,34.0,35.0,35.0,38.0,38.0,40.0,38.0,39.0,36.0,36.0,36.0,36,37,2979.0
Finland,61.92,25.75,83.0,64.0,96.0,80.0,71.0,90.0,80.0,77.0,88.0,93.0,96.0,97.0,97.0,122.0,122.0,115.0,137.0,174.0,159.0,168.0,159.0,182.0,196.0,199.0,221.0,247.0,233.0,286.0,285.0,284.0,300.0,297.0,302.0,360.0,332.0,362.0,380.0,331.0,379.0,368.0,365.0,375.0,378.0,393.0,413.0,393.0,418.0,415.0,453.0,430.0,474.0,445,482,39738.0
France,46.23,2.21,6952.0,6994.0,7049.0,6915.0,6996.0,6813.0,6941.0,6735.0,7011.0,6838.0,6480.0,6005.0,6125.0,5991.0,6054.0,5583.0,6133.0,6456.0,6389.0,6195.0,6117.0,6390.0,6190.0,6113.0,6955.0,6301.0,6674.0,7242.0,7258.0,7193.0,7371.0,6868.0,7124.0,5765.0,6195.0,6164.0,6043.0,6390.0,6442.0,6478.0,6435.0,6569.0,6485.0,6842.0,6400.0,6038.0,6112.0,6305.0,6640.0,6516.0,6324.0,6288,6256,1035414.0
French Polynesia,-17.68,-149.41,4.0,4.0,4.0,5.0,6.0,8.0,7.0,9.0,7.0,8.0,8.0,8.0,8.0,8.0,8.0,9.0,10.0,10.0,11.0,10.0,11.0,12.0,12.0,13.0,12.0,16.0,15.0,15.0,14.0,13.0,14.0,12.0,14.0,13.0,13.0,12.0,13.0,14.0,14.0,15.0,16.0,16.0,16.0,16.0,17.0,16.0,17.0,16.0,15.0,15.0,15.0,15,14,1869.0
Gabon,-0.8,11.61,22.0,22.0,23.0,25.0,25.0,25.0,25.0,25.0,26.0,26.0,26.0,23.0,22.0,22.0,19.0,20.0,22.0,23.0,22.0,26.0,27.0,29.0,30.0,31.0,33.0,33.0,33.0,34.0,34.0,39.0,38.0,41.0,45.0,42.0,44.0,48.0,48.0,51.0,54.0,56.0,57.0,51.0,49.0,58.0,64.0,59.0,62.0,63.0,63.0,73.0,71.0,77,74,6240.0
Gambia,13.44,-15.31,5.0,5.0,5.0,5.0,5.0,6.0,6.0,6.0,6.0,6.0,7.0,6.0,6.0,6.0,7.0,7.0,7.0,7.0,7.0,8.0,8.0,8.0,8.0,8.0,8.0,14.0,17.0,16.0,22.0,29.0,30.0,41.0,43.0,23.0,36.0,32.0,29.0,31.0,50.0,42.0,36.0,47.0,30.0,55.0,55.0,50.0,51.0,56.0,51.0,62.0,53.0,42,39,3735.0
Georgia,42.32,43.36,,,,,,,,,,,,,,,,,,,,,,,,,,,,,,,,289.0,405.0,409.0,429.0,433.0,466.0,432.0,385.0,357.0,376.0,381.0,380.0,382.0,408.0,253.0,266.0,269.0,243.0,233.0,244.0,247,251,22614.0
Germany,51.17,10.45,3641.0,3662.0,4078.0,3831.0,3728.0,4454.0,4335.0,4103.0,4262.0,4757.0,4666.0,4962.0,5108.0,5043.0,4902.0,5021.0,5367.0,5413.0,5469.0,5282.0,5687.0,5598.0,5431.0,5965.0,5778.0,5883.0,5909.0,6091.0,6104.0,5921.0,6232.0,6488.0,5835.0,6343.0,6457.0,7106.0,6930.0,7022.0,7397.0,7455.0,7628.0,7572.0,7444.0,7637.0,7225.0,7366.0,7241.0,7327.0,7625.0,7472.0,7797.0,8026,7686,947286.0
Ghana,7.95,-1.02,164.0,168.0,161.0,157.0,168.0,178.0,201.0,200.0,205.0,289.0,290.0,457.0,409.0,501.0,380.0,334.0,285.0,286.0,323.0,294.0,201.0,190.0,206.0,262.0,224.0,322.0,381.0,263.0,399.0,360.0,368.0,377.0,368.0,429.0,471.0,630.0,654.0,756.0,776.0,586.0,574.0,649.0,598.0,799.0,635.0,676.0,665.0,656.0,758.0,854.0,986.0,1012,1104,70917.0
Greece,39.07,21.82,961.0,975.0,1184.0,1274.0,1247.0,1415.0,1427.0,1596.0,1741.0,1970.0,2015.0,1814.0,2159.0,2424.0,2492.0,1877.0,1987.0,2506.0,2495.0,2322.0,2766.0,2500.0,2447.0,2901.0,2990.0,2369.0,2366.0,2645.0,2715.0,2634.0,3078.0,2640.0,2742.0,2862.0,2928.0,2995.0,2844.0,2924.0,3035.0,3166.0,3103.0,2902.0,3181.0,3337.0,2902.0,2629.0,2674.0,2555.0,2734.0,2442.0,2645.0,2534,2497,382689.0
Grenada,12.26,-61.6,2.0,2.0,2.0,2.0,2.0,2.0,2.0,2.0,2.0,2.0,2.0,2.0,2.0,2.0,2.0,2.0,2.0,2.0,2.0,2.0,2.0,2.0,1.0,2.0,2.0,2.0,3.0,3.0,3.0,3.0,3.0,3.0,3.0,3.0,3.0,3.0,2.0,3.0,3.0,3.0,3.0,3.0,3.0,4.0,4.0,4.0,4.0,4.0,5.0,5.0,4.0,4,4,429.0
Guatemala,15.78,-90.23,100.0,104.0,107.0,114.0,123.0,131.0,139.0,141.0,146.0,141.0,158.0,169.0,185.0,180.0,176.0,170.0,170.0,171.0,154.0,150.0,243.0,237.0,248.0,253.0,258.0,300.0,320.0,368.0,504.0,503.0,489.0,504.0,379.0,401.0,439.0,407.0,457.0,485.0,480.0,501.0,535.0,600.0,798.0,681.0,709.0,871.0,918.0,1018.0,854.0,916.0,957.0,783,879,63672.0
Guinea,9.95,-9.7,325.0,308.0,271.0,280.0,242.0,306.0,343.0,384.0,357.0,413.0,413.0,338.0,317.0,337.0,347.0,356.0,371.0,371.0,377.0,380.0,392.0,403.0,385.0,398.0,402.0,404.0,403.0,410.0,413.0,425.0,458.0,499.0,531.0,570.0,577.0,657.0,693.0,481.0,496.0,513.0,518.0,525.0,553.0,588.0,599.0,506.0,521.0,524.0,529.0,581.0,581.0,583,580,70602.0
Guinea-Bissau,11.8,-15.18,12.0,13.0,13.0,13.0,13.0,14.0,14.0,15.0,15.0,15.0,17.0,17.0,18.0,17.0,18.0,19.0,20.0,19.0,18.0,18.0,16.0,16.0,16.0,16.0,16.0,16.0,16.0,17.0,17.0,18.0,18.0,19.0,19.0,20.0,20.0,21.0,22.0,23.0,21.0,23.0,22.0,24.0,22.0,24.0,27.0,25.0,25.0,29.0,28.0,34.0,33.0,34,33,3144.0
Guyana,4.86,-58.93,6.0,6.0,6.0,7.0,7.0,8.0,8.0,8.0,8.0,8.0,9.0,10.0,9.0,9.0,10.0,10.0,11.0,9.0,8.0,8.0,9.0,9.0,9.0,10.0,10.0,11.0,8.0,9.0,10.0,15.0,16.0,17.0,17.0,17.0,23.0,19.0,48.0,46.0,50.0,74.0,49.0,49.0,59.0,48.0,57.0,68.0,42.0,59.0,73.0,83.0,62.0,54,68,4089.0
Haiti,18.97,-72.29,152.0,155.0,160.0,167.0,172.0,178.0,183.0,187.0,192.0,199.0,203.0,209.0,216.0,221.0,227.0,233.0,237.0,242.0,250.0,256.0,262.0,269.0,274.0,281.0,291.0,290.0,291.0,281.0,269.0,256.0,244.0,216.0,197.0,211.0,196.0,258.0,253.0,302.0,332.0,337.0,194.0,186.0,200.0,208.0,208.0,190.0,211.0,187.0,195.0,191.0,191.0,196,196,35706.0
Honduras,15.2,-86.24,33.0,34.0,35.0,37.0,38.0,38.0,41.0,44.0,48.0,51.0,50.0,52.0,54.0,53.0,60.0,63.0,65.0,70.0,72.0,79.0,95.0,84.0,89.0,83.0,97.0,97.0,104.0,116.0,121.0,132.0,134.0,174.0,182.0,173.0,203.0,195.0,258.0,208.0,211.0,238.0,206.0,205.0,286.0,288.0,301.0,305.0,374.0,417.0,365.0,361.0,399.0,413,376,24921.0
Hungary,47.16,19.5,901.0,910.0,1066.0,914.0,855.0,937.0,980.0,980.0,1043.0,985.0,1004.0,1018.0,1032.0,1063.0,1058.0,1044.0,1100.0,1032.0,1110.0,991.0,970.0,946.0,923.0,887.0,955.0,951.0,1016.0,1012.0,955.0,965.0,980.0,937.0,913.0,901.0,1020.0,972.0,1079.0,1064.0,987.0,1159.0,1088.0,1084.0,1105.0,1223.0,1090.0,1299.0,1146.0,1155.0,1054.0,706.0,939.0,807,785,159288.0
Iceland,64.96,-19.02,2.0,2.0,2.0,2.0,3.0,3.0,3.0,3.0,3.0,3.0,3.0,3.0,4.0,4.0,4.0,4.0,4.0,5.0,5.0,6.0,6.0,6.0,6.0,7.0,7.0,8.0,9.0,8.0,8.0,8.0,9.0,9.0,10.0,11.0,12.0,13.0,13.0,14.0,14.0,14.0,15.0,15.0,16.0,18.0,19.0,22.0,23.0,22.0,22.0,22.0,22.0,24,23,1569.0
India,20.59,78.96,16925.0,17664.0,18395.0,19054.0,19749.0,20590.0,21273.0,22022.0,22938.0,23887.0,24873.0,25929.0,26792.0,27723.0,28571.0,29470.0,30430.0,31430.0,32303.0,33240.0,34554.0,35939.0,37464.0,38727.0,39633.0,40922.0,42515.0,43470.0,44280.0,45238.0,46057.0,46713.0,49039.0,50161.0,52564.0,53177.0,50390.0,59530.0,65964.0,67010.0,72832.0,63824.0,72528.0,60491.0,65549.0,74760.0,80659.0,83421.0,82568.0,91969.0,98339.0,104773,111082,7498200.0
Indonesia,-0.79,113.92,1507.0,1544.0,1603.0,1661.0,1730.0,1752.0,1789.0,1830.0,1902.0,2020.0,2155.0,2221.0,2327.0,2384.0,2454.0,1981.0,1950.0,2190.0,2254.0,2352.0,2378.0,2251.0,2398.0,2623.0,2953.0,3492.0,3678.0,3567.0,3993.0,4188.0,4058.0,4595.0,4811.0,5284.0,8380.0,7728.0,6337.0,7018.0,7503.0,6621.0,6219.0,6261.0,7406.0,7859.0,7975.0,8312.0,8305.0,8838.0,9386.0,9576.0,10073.0,10320,10081,732219.0
Iran (Islamic Republic of),32.43,53.69,1289.0,1380.0,1502.0,1564.0,1627.0,1755.0,1855.0,1952.0,2108.0,2166.0,2282.0,2416.0,2641.0,2833.0,3044.0,3316.0,3603.0,4029.0,3721.0,4369.0,4918.0,5759.0,5885.0,6445.0,7121.0,7918.0,7629.0,5323.0,5557.0,9164.0,6501.0,8666.0,7849.0,6791.0,7191.0,9442.0,8762.0,10324.0,10813.0,9872.0,10049.0,12069.0,11776.0,12866.0,15452.0,14845.0,15682.0,13082.0,16122.0,16425.0,18518.0,18679,19623,1189710.0
Iraq,33.22,43.68,802.0,933.0,1037.0,1252.0,1363.0,1487.0,1702.0,1561.0,1672.0,1682.0,1868.0,1757.0,1589.0,1346.0,1421.0,1698.0,1800.0,1908.0,1538.0,1855.0,2060.0,2424.0,2325.0,2691.0,3143.0,2820.0,2701.0,2658.0,2929.0,2970.0,2064.0,2437.0,2808.0,2755.0,2748.0,2766.0,2776.0,3016.0,3292.0,3167.0,3694.0,3322.0,2473.0,3546.0,3999.0,4230.0,4332.0,3763.0,3897.0,4448.0,3849.0,3576,3874,401472.0
Ireland,53.41,-8.24,113.0,117.0,109.0,119.0,119.0,106.0,101.0,104.0,124.0,138.0,132.0,126.0,142.0,161.0,201.0,220.0,236.0,255.0,271.0,271.0,282.0,297.0,199.0,222.0,222.0,241.0,239.0,245.0,235.0,254.0,275.0,284.0,279.0,284.0,253.0,273.0,262.0,281.0,269.0,272.0,311.0,315.0,315.0,307.0,298.0,338.0,353.0,383.0,384.0,409.0,435.0,444,435,39180.0
Israel,31.05,34.85,335.0,362.0,376.0,394.0,394.0,400.0,397.0,428.0,488.0,506.0,527.0,539.0,505.0,497.0,602.0,525.0,508.0,567.0,526.0,564.0,568.0,528.0,666.0,681.0,633.0,664.0,701.0,733.0,867.0,893.0,824.0,890.0,989.0,1166.0,1341.0,1258.0,1241.0,1412.0,1544.0,1444.0,1398.0,1467.0,1428.0,1522.0,1316.0,1228.0,1229.0,1194.0,1275.0,1210.0,1266.0,1320,1347,137049.0
Italy,41.87,12.57,6642.0,6229.0,7159.0,7701.0,7916.0,8215.0,8176.0,8134.0,9041.0,9195.0,8536.0,7929.0,8440.0,8878.0,9220.0,8643.0,8460.0,8707.0,9070.0,9551.0,9439.0,9761.0,9774.0,9832.0,9746.0,9776.0,9860.0,9981.0,10051.0,9785.0,10298.0,10707.0,9177.0,9912.0,10131.0,10163.0,10130.0,9913.0,10510.0,11215.0,9175.0,8322.0,10087.0,11500.0,10759.0,9462.0,9383.0,9181.0,10527.0,8959.0,8772.0,8149,7860,1464417.0
Jamaica,18.11,-77.3,30.0,28.0,32.0,37.0,41.0,42.0,41.0,37.0,32.0,42.0,63.0,63.0,64.0,69.0,69.0,84.0,85.0,93.0,98.0,102.0,113.0,99.0,113.0,136.0,116.0,105.0,113.0,91.0,108.0,117.0,108.0,137.0,166.0,197.0,211.0,225.0,185.0,186.0,202.0,181.0,210.0,163.0,205.0,175.0,185.0,203.0,189.0,186.0,212.0,206.0,267.0,269,282,20439.0
Japan,36.2,138.25,9036.0,10188.0,11376.0,10975.0,11639.0,12413.0,12731.0,13835.0,13375.0,13151.0,13736.0,13864.0,13502.0,13381.0,13436.0,13616.0,14249.0,14357.0,14178.0,14212.0,14475.0,14531.0,14018.0,14583.0,14336.0,14750.0,14752.0,14524.0,14619.0,14267.0,14083.0,14427.0,14030.0,14169.0,14516.0,14445.0,14089.0,13811.0,14266.0,14181.0,14067.0,13574.0,13627.0,13368.0,13692.0,13494.0,13341.0,13099.0,12814.0,12594.0,12899.0,13279,13006,2150928.0
Jordan,30.59,36.24,385.0,353.0,400.0,463.0,456.0,260.0,296.0,147.0,170.0,127.0,148.0,206.0,110.0,118.0,182.0,90.0,107.0,245.0,133.0,169.0,128.0,140.0,215.0,186.0,367.0,343.0,400.0,379.0,188.0,289.0,359.0,416.0,321.0,573.0,598.0,475.0,317.0,296.0,393.0,464.0,344.0,604.0,569.0,639.0,629.0,720.0,603.0,573.0,595.0,813.0,881.0,850,848,60240.0
Kazakhstan,48.02,66.92,,,,,,,,,,,,,,,,,,,,,,,,,,,,,,,,1020.0,821.0,858.0,829.0,796.0,838.0,1044.0,1121.0,1260.0,1719.0,1964.0,2176.0,2285.0,2417.0,2333.0,2365.0,2593.0,2725.0,2953.0,3184.0,3271,3242,125442.0
Kenya,-0.02,37.91,239.0,245.0,254.0,257.0,262.0,265.0,269.0,270.0,274.0,284.0,295.0,302.0,310.0,309.0,322.0,344.0,349.0,373.0,395.0,414.0,446.0,477.0,407.0,411.0,442.0,476.0,512.0,546.0,584.0,614.0,920.0,1419.0,1253.0,1418.0,1337.0,1342.0,1387.0,1446.0,1494.0,1418.0,1529.0,1490.0,1667.0,1334.0,1742.0,1760.0,1959.0,1679.0,1784.0,2300.0,1837.0,2015,2226,143109.0
Kiribati,-3.37,-168.73,2.0,2.0,2.0,3.0,3.0,3.0,3.0,3.0,3.0,3.0,3.0,3.0,3.0,3.0,3.0,3.0,3.0,3.0,4.0,4.0,4.0,4.0,4.0,4.0,4.0,4.0,4.0,4.0,4.0,4.0,4.0,4.0,6.0,5.0,4.0,5.0,5.0,5.0,5.0,5.0,5.0,5.0,5.0,5.0,5.0,7.0,6.0,6.0,6.0,6.0,5.0,5,6,657.0
Kuwait,29.31,47.48,40.0,45.0,50.0,57.0,72.0,82.0,95.0,94.0,99.0,106.0,112.0,115.0,127.0,136.0,137.0,152.0,158.0,186.0,195.0,227.0,244.0,268.0,298.0,311.0,335.0,362.0,391.0,397.0,413.0,245.0,62.0,235.0,275.0,289.0,302.0,308.0,328.0,390.0,395.0,401.0,399.0,363.0,361.0,404.0,412.0,583.0,544.0,445.0,470.0,451.0,521.0,470,752,44127.0
Kyrgyzstan,41.2,74.77,,,,,,,,,,,,,,,,,,,,,,,,,,,,,,,,338.0,227.0,238.0,227.0,295.0,311.0,438.0,583.0,641.0,709.0,546.0,664.0,665.0,668.0,762.0,764.0,769.0,808.0,812.0,795.0,829,839,38784.0
Lao People's Democratic Republic,19.86,102.5,49.0,49.0,50.0,49.0,48.0,48.0,48.0,48.0,45.0,45.0,45.0,45.0,40.0,40.0,40.0,36.0,40.0,45.0,50.0,51.0,45.0,45.0,46.0,46.0,42.0,36.0,41.0,67.0,65.0,62.0,55.0,78.0,125.0,156.0,69.0,87.0,97.0,119.0,227.0,601.0,594.0,861.0,708.0,681.0,752.0,682.0,769.0,588.0,781.0,974.0,1245.0,995,1425,42225.0
Latvia,56.88,24.6,,,,,,,,,,,,,,,,,,,,,,,,,,,,,,,,216.0,206.0,207.0,174.0,243.0,191.0,173.0,192.0,170.0,227.0,220.0,258.0,246.0,240.0,230.0,228.0,226.0,222.0,223.0,233.0,226,232,14349.0
Lebanon,33.85,35.86,216.0,238.0,226.0,251.0,237.0,234.0,271.0,255.0,278.0,256.0,278.0,290.0,230.0,280.0,258.0,275.0,261.0,311.0,317.0,343.0,378.0,385.0,405.0,421.0,455.0,502.0,533.0,572.0,635.0,733.0,783.0,812.0,843.0,915.0,970.0,1005.0,1052.0,885.0,907.0,850.0,838.0,813.0,758.0,800.0,802.0,700.0,789.0,804.0,641.0,907.0,918.0,969,927,90036.0
Lesotho,-29.61,28.23,13.0,13.0,14.0,14.0,14.0,16.0,16.0,16.0,16.0,18.0,18.0,18.0,19.0,19.0,19.0,21.0,24.0,26.0,28.0,31.0,32.0,30.0,33.0,31.0,28.0,27.0,32.0,38.0,42.0,45.0,41.0,42.0,43.0,48.0,42.0,45.0,44.0,40.0,39.0,39.0,40.0,40.0,41.0,42.0,43.0,41.0,42.0,45.0,40.0,42.0,45.0,44,38,5031.0
Liberia,6.43,-9.43,44.0,45.0,45.0,45.0,45.0,45.0,46.0,47.0,48.0,49.0,50.0,51.0,52.0,53.0,54.0,56.0,57.0,58.0,60.0,62.0,61.0,64.0,70.0,72.0,73.0,74.0,76.0,77.0,75.0,67.0,73.0,80.0,92.0,74.0,70.0,91.0,97.0,100.0,103.0,107.0,107.0,113.0,121.0,132.0,142.0,83.0,88.0,99.0,83.0,106.0,108.0,113,116,12057.0
Lithuania,55.17,23.88,,,,,,,,,,,,,,,,,,,,,,,,,,,,,,,,247.0,266.0,256.0,254.0,291.0,290.0,323.0,339.0,327.0,324.0,306.0,398.0,355.0,381.0,282.0,309.0,315.0,331.0,291.0,333.0,339,329,20658.0
Luxembourg,49.82,6.13,,,,,,,,,,,,,,,,,,,,,,,,,,,,,,,,,,,,,,,,36.0,39.0,38.0,41.0,38.0,40.0,42.0,41.0,43.0,39.0,56.0,56.0,56,57,1866.0
Madagascar,-18.77,46.87,184.0,191.0,195.0,201.0,204.0,210.0,209.0,208.0,211.0,216.0,222.0,231.0,235.0,241.0,249.0,261.0,263.0,270.0,250.0,256.0,258.0,263.0,269.0,276.0,278.0,281.0,282.0,286.0,291.0,297.0,294.0,300.0,305.0,296.0,302.0,310.0,318.0,311.0,317.0,303.0,310.0,309.0,366.0,377.0,345.0,328.0,345.0,249.0,315.0,352.0,390.0,395,389,44442.0
Malawi,-13.25,34.3,105.0,108.0,110.0,113.0,115.0,118.0,123.0,128.0,133.0,124.0,149.0,152.0,152.0,160.0,169.0,175.0,178.0,182.0,187.0,192.0,195.0,200.0,204.0,206.0,211.0,211.0,216.0,222.0,226.0,234.0,231.0,218.0,236.0,235.0,227.0,238.0,222.0,231.0,241.0,249.0,259.0,270.0,285.0,292.0,299.0,306.0,311.0,242.0,284.0,333.0,344.0,353,358,33786.0
Malaysia,4.21,101.98,168.0,197.0,177.0,180.0,181.0,193.0,171.0,278.0,283.0,307.0,285.0,338.0,263.0,251.0,271.0,309.0,299.0,286.0,319.0,345.0,340.0,364.0,361.0,379.0,376.0,368.0,389.0,437.0,423.0,441.0,516.0,557.0,577.0,599.0,684.0,829.0,700.0,752.0,821.0,843.0,873.0,970.0,910.0,893.0,1196.0,1276.0,1300.0,1329.0,1545.0,1865.0,1956.0,1928,2093,101973.0
Maldives,3.2,73.22,7.0,7.0,8.0,8.0,9.0,10.0,10.0,10.0,10.0,11.0,12.0,13.0,13.0,14.0,14.0,14.0,14.0,15.0,15.0,15.0,15.0,16.0,17.0,17.0,17.0,18.0,18.0,18.0,21.0,5.0,5.0,5.0,7.0,10.0,11.0,12.0,12.0,14.0,13.0,16.0,17.0,17.0,19.0,20.0,19.0,24.0,24.0,26.0,22.0,26.0,27.0,29,31,2391.0
Mali,17.57,-4.0,159.0,159.0,159.0,160.0,176.0,176.0,176.0,192.0,199.0,211.0,212.0,204.0,203.0,218.0,225.0,241.0,254.0,268.0,283.0,303.0,336.0,362.0,373.0,366.0,391.0,401.0,415.0,434.0,443.0,466.0,524.0,476.0,468.0,464.0,516.0,529.0,559.0,554.0,519.0,600.0,560.0,666.0,626.0,607.0,675.0,483.0,762.0,455.0,958.0,804.0,853.0,901,866,67770.0
Malta,35.94,14.38,22.0,23.0,26.0,26.0,22.0,22.0,25.0,26.0,34.0,25.0,29.0,31.0,32.0,35.0,36.0,40.0,38.0,33.0,36.0,43.0,41.0,40.0,43.0,41.0,40.0,41.0,44.0,45.0,46.0,47.0,44.0,46.0,50.0,45.0,47.0,76.0,63.0,80.0,78.0,77.0,77.0,77.0,76.0,89.0,83.0,90.0,88.0,88.0,85.0,85.0,87.0,85,87,8205.0
Mauritania,21.01,-10.94,3.0,3.0,3.0,3.0,4.0,3.0,3.0,3.0,3.0,4.0,4.0,3.0,3.0,4.0,6.0,9.0,8.0,8.0,9.0,10.0,11.0,16.0,33.0,20.0,20.0,12.0,19.0,20.0,20.0,17.0,26.0,19.0,35.0,21.0,16.0,25.0,24.0,25.0,22.0,32.0,26.0,33.0,36.0,43.0,54.0,45.0,106.0,94.0,88.0,63.0,84.0,107,132,4320.0
Mauritius,-20.35,57.55,20.0,29.0,27.0,22.0,26.0,25.0,30.0,27.0,26.0,22.0,23.0,20.0,21.0,24.0,24.0,23.0,25.0,26.0,26.0,27.0,26.0,28.0,30.0,31.0,32.0,31.0,28.0,34.0,40.0,45.0,46.0,49.0,63.0,66.0,88.0,83.0,91.0,86.0,81.0,100.0,103.0,93.0,97.0,101.0,88.0,91.0,88.0,81.0,99.0,98.0,93.0,90,89,8346.0
Mexico,23.63,-102.55,978.0,1154.0,1182.0,1151.0,1329.0,1250.0,1300.0,1320.0,1214.0,1296.0,1737.0,2129.0,1942.0,2134.0,1797.0,1693.0,2055.0,2659.0,3076.0,2863.0,2558.0,2993.0,3361.0,3639.0,3342.0,3651.0,3580.0,4021.0,4222.0,4367.0,4620.0,4723.0,4346.0,3889.0,3938.0,4369.0,5399.0,5818.0,7229.0,6504.0,7205.0,6940.0,7212.0,7230.0,7020.0,6916.0,7338.0,7132.0,6398.0,6626.0,6163.0,7232,6834,633222.0
Mongolia,46.86,103.85,7.0,7.0,9.0,9.0,11.0,8.0,9.0,9.0,9.0,11.0,11.0,12.0,20.0,17.0,18.0,21.0,12.0,19.0,17.0,19.0,22.0,28.0,27.0,26.0,30.0,33.0,35.0,40.0,46.0,30.0,21.0,10.0,23.0,22.0,24.0,30.0,44.0,47.0,35.0,43.0,44.0,48.0,69.0,69.0,78.0,85.0,97.0,101.0,107.0,113.0,132.0,144,154,6336.0
Montenegro,42.71,19.37,,,,,,,,,,,,,,,,,,,,,,,,,,,,,,,,,,,,,,,,,,,,,,118.0,113.0,151.0,153.0,150.0,150.0,146,148,3387.0
Morocco,31.79,-7.09,422.0,431.0,411.0,650.0,642.0,628.0,588.0,655.0,599.0,671.0,632.0,622.0,645.0,798.0,996.0,998.0,1094.0,1083.0,1082.0,1052.0,1026.0,1167.0,1215.0,1401.0,1511.0,1781.0,2087.0,2057.0,2301.0,2563.0,2547.0,2259.0,2247.0,2359.0,1888.0,2823.0,2706.0,3061.0,2857.0,2658.0,2879.0,3324.0,3671.0,4612.0,3935.0,4927.0,4188.0,4191.0,4321.0,4324.0,4501.0,4437,4360,332649.0
Mozambique,-18.67,35.53,134.0,137.0,137.0,141.0,141.0,149.0,151.0,156.0,158.0,161.0,165.0,167.0,169.0,168.0,168.0,171.0,172.0,170.0,170.0,170.0,164.0,169.0,169.0,169.0,169.0,175.0,181.0,182.0,182.0,183.0,153.0,106.0,134.0,124.0,135.0,144.0,149.0,153.0,157.0,107.0,121.0,142.0,182.0,210.0,228.0,292.0,321.0,349.0,376.0,422.0,449.0,509,480,31023.0
Myanmar,21.91,95.96,421.0,527.0,592.0,580.0,571.0,620.0,708.0,723.0,750.0,836.0,819.0,902.0,950.0,911.0,933.0,971.0,1035.0,1095.0,1113.0,1205.0,1386.0,1417.0,1463.0,1606.0,1647.0,1877.0,1952.0,1990.0,1829.0,1657.0,1866.0,2091.0,2222.0,2130.0,2233.0,2410.0,2479.0,2644.0,2974.0,2992.0,3147.0,3267.0,3498.0,3742.0,3546.0,3896.0,3901.0,4041.0,4100.0,4279.0,4427.0,4245,4337,322659.0
Namibia,-22.96,18.49,15.0,15.0,15.0,17.0,17.0,18.0,18.0,18.0,18.0,20.0,21.0,21.0,23.0,23.0,23.0,23.0,23.0,23.0,23.0,23.0,23.0,23.0,23.0,23.0,23.0,23.0,25.0,25.0,26.0,31.0,32.0,30.0,30.0,32.0,30.0,31.0,27.0,27.0,35.0,38.0,44.0,39.0,41.0,46.0,51.0,55.0,63.0,61.0,61.0,64.0,65.0,75,79,5094.0
Nepal,28.39,84.12,81.0,90.0,99.0,108.0,117.0,113.0,122.0,144.0,162.0,167.0,180.0,180.0,180.0,225.0,270.0,270.0,360.0,360.0,450.0,450.0,495.0,500.0,611.0,638.0,678.0,710.0,800.0,800.0,843.0,905.0,875.0,1016.0,1079.0,1080.0,1140.0,1200.0,1234.0,1366.0,1224.0,1369.0,1521.0,1651.0,1759.0,1877.0,2026.0,2066.0,2204.0,2439.0,2611.0,2870.0,3047.0,3178,3171,159333.0
Netherlands,52.13,5.29,887.0,882.0,969.0,1030.0,808.0,995.0,1124.0,1018.0,1067.0,1159.0,1025.0,1007.0,1128.0,1057.0,1012.0,953.0,1150.0,1112.0,1216.0,903.0,1072.0,1179.0,1015.0,1018.0,1107.0,1230.0,1058.0,1174.0,1128.0,1118.0,967.0,1216.0,1214.0,1135.0,1071.0,1321.0,1184.0,1052.0,1510.0,1554.0,1613.0,1385.0,1298.0,1545.0,1403.0,1549.0,1738.0,1708.0,1464.0,1302.0,1386.0,1292,1446,188862.0
New Caledonia,-20.9,165.62,4.0,4.0,4.0,4.0,4.0,4.0,5.0,4.0,5.0,6.0,7.0,9.0,9.0,8.0,8.0,7.0,6.0,5.0,5.0,7.0,7.0,8.0,7.0,8.0,8.0,8.0,8.0,9.0,11.0,10.0,8.0,9.0,10.0,9.0,10.0,8.0,7.0,10.0,8.0,8.0,9.0,8.0,11.0,10.0,11.0,11.0,12.0,14.0,14.0,14.0,15.0,15,15,1335.0
New Zealand,-40.9,174.89,202.0,213.0,244.0,251.0,248.0,187.0,198.0,214.0,250.0,230.0,222.0,253.0,265.0,271.0,275.0,249.0,268.0,314.0,286.0,301.0,260.0,292.0,274.0,276.0,306.0,320.0,365.0,340.0,343.0,352.0,413.0,358.0,436.0,721.0,736.0,713.0,570.0,513.0,523.0,509.0,557.0,486.0,474.0,565.0,505.0,635.0,548.0,563.0,609.0,539.0,535.0,598,584,62277.0
Nicaragua,12.87,-85.21,23.0,24.0,24.0,26.0,26.0,28.0,29.0,31.0,31.0,33.0,33.0,36.0,39.0,42.0,43.0,44.0,46.0,45.0,46.0,50.0,55.0,41.0,36.0,35.0,36.0,34.0,33.0,33.0,33.0,32.0,44.0,42.0,45.0,31.0,32.0,31.0,33.0,37.0,42.0,44.0,43.0,52.0,36.0,46.0,43.0,53.0,54.0,57.0,57.0,64.0,79.0,87,87,6618.0
Niger,17.61,8.08,49.0,42.0,46.0,47.0,61.0,60.0,68.0,63.0,52.0,50.0,46.0,43.0,43.0,56.0,90.0,95.0,88.0,102.0,122.0,124.0,124.0,137.0,144.0,103.0,73.0,102.0,118.0,133.0,187.0,273.0,243.0,297.0,276.0,307.0,343.0,387.0,411.0,458.0,416.0,666.0,580.0,725.0,764.0,610.0,675.0,676.0,744.0,823.0,692.0,661.0,821.0,1189,1038,49629.0
Nigeria,9.08,8.68,2242.0,2250.0,2327.0,2354.0,2414.0,2410.0,2443.0,2528.0,2595.0,2743.0,2822.0,2699.0,2816.0,2787.0,3092.0,2976.0,2903.0,2822.0,2811.0,2866.0,2913.0,2975.0,2977.0,3219.0,3512.0,3663.0,3585.0,3877.0,4334.0,4199.0,4448.0,4675.0,5119.0,5748.0,5585.0,6340.0,6679.0,7006.0,7440.0,7745.0,7909.0,7783.0,8293.0,9646.0,9949.0,10498.0,10161.0,10666.0,9587.0,10818.0,10597.0,11050,11034,830790.0
Norway,60.47,8.47,168.0,151.0,184.0,154.0,177.0,191.0,178.0,180.0,198.0,195.0,198.0,184.0,196.0,185.0,186.0,192.0,198.0,221.0,204.0,252.0,227.0,246.0,208.0,241.0,215.0,233.0,236.0,265.0,259.0,241.0,244.0,243.0,250.0,275.0,262.0,274.0,277.0,263.0,285.0,273.0,309.0,311.0,342.0,344.0,342.0,353.0,367.0,390.0,381.0,351.0,385.0,366,389,40317.0
Oman,21.51,55.92,,,,,,,,,,,,,,,,,,,,,,,,,,,,,,216.0,231.0,228.0,263.0,262.0,256.0,256.0,247.0,272.0,277.0,326.0,315.0,322.0,297.0,315.0,256.0,265.0,281.0,322.0,341.0,427.0,357.0,376,377,21255.0
Pakistan,30.38,69.35,790.0,853.0,808.0,859.0,846.0,981.0,1093.0,1695.0,1439.0,1410.0,1544.0,1702.0,1720.0,1866.0,1907.0,1749.0,1556.0,1645.0,1876.0,1597.0,1750.0,1818.0,1917.0,2123.0,2129.0,2276.0,2662.0,2747.0,2977.0,3044.0,3101.0,3292.0,3478.0,3642.0,3943.0,4278.0,4373.0,4367.0,4458.0,4654.0,4425.0,4412.0,4385.0,4550.0,4882.0,5236.0,5188.0,5480.0,5520.0,4962.0,4956.0,4979,4798,464214.0
Panama,8.54,-80.78,27.0,25.0,29.0,30.0,31.0,28.0,33.0,45.0,45.0,31.0,40.0,37.0,42.0,43.0,41.0,31.0,35.0,41.0,48.0,45.0,55.0,42.0,54.0,61.0,63.0,60.0,64.0,45.0,59.0,49.0,66.0,68.0,69.0,71.0,76.0,76.0,76.0,77.0,80.0,79.0,74.0,83.0,91.0,86.0,91.0,92.0,101.0,103.0,108.0,105.0,106.0,111,112,9840.0
Paraguay,-23.44,-58.44,120.0,126.0,129.0,132.0,133.0,135.0,138.0,140.0,144.0,143.0,152.0,152.0,159.0,166.0,177.0,194.0,180.0,192.0,191.0,190.0,178.0,210.0,231.0,238.0,249.0,247.0,237.0,236.0,245.0,224.0,233.0,232.0,235.0,244.0,244.0,239.0,251.0,276.0,297.0,340.0,315.0,329.0,298.0,346.0,388.0,372.0,364.0,292.0,327.0,359.0,304.0,299,296,36804.0
Peru,-9.19,-75.02,400.0,408.0,443.0,498.0,471.0,587.0,636.0,522.0,558.0,675.0,660.0,658.0,620.0,670.0,673.0,668.0,659.0,626.0,627.0,469.0,510.0,569.0,493.0,534.0,526.0,576.0,615.0,615.0,616.0,592.0,582.0,606.0,670.0,743.0,805.0,923.0,1014.0,1033.0,1164.0,1292.0,1270.0,1224.0,1255.0,1263.0,1202.0,1422.0,1506.0,1832.0,1818.0,1911.0,1914.0,2037,2009,140007.0
Philippines,12.88,121.77,1781.0,1803.0,1888.0,1901.0,2005.0,2057.0,2108.0,2191.0,2256.0,2428.0,2470.0,2574.0,2646.0,2741.0,2820.0,2845.0,3037.0,3159.0,3295.0,3290.0,3339.0,3496.0,3359.0,3405.0,3523.0,3656.0,3761.0,3871.0,4037.0,4200.0,4325.0,4397.0,4450.0,4536.0,4417.0,4956.0,4501.0,4616.0,4783.0,4831.0,4958.0,5100.0,5256.0,4980.0,5050.0,5147.0,5824.0,5884.0,5705.0,6169.0,6078.0,6208,6265,613134.0
Poland,51.92,19.15,2741.0,2468.0,3103.0,3088.0,3069.0,3409.0,3030.0,3027.0,3029.0,3633.0,3088.0,3170.0,3508.0,3104.0,3772.0,3273.0,3413.0,3824.0,4186.0,3679.0,4343.0,3949.0,3851.0,4377.0,4025.0,4362.0,4458.0,4513.0,4517.0,4706.0,4962.0,4311.0,5065.0,4887.0,5167.0,4977.0,5294.0,5223.0,5020.0,5309.0,5104.0,4183.0,4697.0,4878.0,4391.0,4312.0,4858.0,4319.0,4817.0,4338.0,4943.0,4578,4117,655395.0
Portugal,39.4,-8.22,844.0,847.0,920.0,996.0,1067.0,1122.0,1153.0,1159.0,1277.0,1129.0,1064.0,1138.0,1137.0,1228.0,1533.0,997.0,1245.0,1285.0,1186.0,1063.0,1027.0,1230.0,1202.0,1430.0,1504.0,1469.0,1282.0,1344.0,1522.0,1790.0,1629.0,1214.0,1541.0,1658.0,1705.0,1795.0,1642.0,2119.0,2039.0,1862.0,2009.0,1672.0,1633.0,2269.0,1967.0,1599.0,1870.0,1738.0,2028.0,2133.0,1746.0,1869,1613,232620.0
Republic of Korea,35.91,127.77,1954.0,2039.0,1952.0,2193.0,2335.0,2476.0,2643.0,2901.0,3163.0,3269.0,3630.0,3487.0,3419.0,3764.0,5126.0,6365.0,6466.0,7885.0,8139.0,7411.0,7640.0,8058.0,7161.0,7465.0,7360.0,8109.0,7394.0,7797.0,8248.0,8620.0,8411.0,8686.0,9681.0,8831.0,9925.0,9752.0,9523.0,9559.0,9896.0,10836.0,10940.0,9665.0,10084.0,10843.0,10148.0,10598.0,10235.0,10667.0,10491.0,9520.0,10803.0,9691,10143,1162191.0
Republic of Moldova,47.41,28.37,,,,,,,,,,,,,,,,,,,,,,,,,,,,,,,,481.0,465.0,394.0,418.0,316.0,326.0,459.0,438.0,321.0,418.0,362.0,385.0,328.0,392.0,513.0,244.0,421.0,390.0,388.0,387.0,254,313,25239.0
Romania,45.94,24.97,1566.0,1489.0,1649.0,1603.0,1453.0,1979.0,1811.0,1981.0,1794.0,1842.0,2152.0,2237.0,2329.0,2378.0,2391.0,3003.0,2951.0,3261.0,3240.0,2935.0,3740.0,4244.0,4046.0,4522.0,4229.0,3498.0,3129.0,3593.0,3318.0,2884.0,2631.0,2388.0,3053.0,3018.0,3229.0,3019.0,2987.0,3302.0,3853.0,3317.0,3633.0,3577.0,4263.0,4364.0,4037.0,4136.0,3294.0,3908.0,3827.0,3863.0,4052.0,3553,3888,487317.0
Russian Federation,61.52,105.32,,,,,,,,,,,,,,,,,,,,,,,,,,,,,,,,11915.0,10784.0,10268.0,11430.0,11287.0,11964.0,11722.0,12515.0,12954.0,13188.0,13409.0,13966.0,14676.0,15303.0,15757.0,14894.0,14906.0,15158.0,15007.0,15720.0,16073,16217,897339.0
Rwanda,-1.94,29.87,92.0,92.0,92.0,98.0,99.0,101.0,102.0,106.0,107.0,109.0,110.0,116.0,122.0,122.0,131.0,135.0,140.0,144.0,149.0,151.0,156.0,151.0,150.0,142.0,125.0,107.0,110.0,112.0,117.0,134.0,135.0,143.0,160.0,150.0,202.0,185.0,139.0,157.0,186.0,255.0,271.0,255.0,306.0,338.0,342.0,386.0,366.0,352.0,604.0,634.0,605.0,633,656,33246.0
Saint Kitts and Nevis,17.36,-62.78,1.0,1.0,1.0,1.0,1.0,1.0,1.0,1.0,1.0,1.0,1.0,1.0,1.0,1.0,1.0,1.0,1.0,1.0,1.0,1.0,1.0,1.0,1.0,1.0,1.0,1.0,1.0,1.0,1.0,1.0,1.0,1.0,1.0,2.0,2.0,2.0,2.0,2.0,2.0,3.0,3.0,3.0,2.0,3.0,2.0,3.0,3.0,2.0,2.0,1.0,1.0,1,1,225.0
Saint Lucia,13.91,-60.98,1.0,1.0,1.0,1.0,1.0,1.0,1.0,1.0,1.0,1.0,1.0,1.0,1.0,1.0,1.0,1.0,1.0,1.0,2.0,1.0,1.0,1.0,2.0,2.0,2.0,2.0,2.0,3.0,3.0,3.0,3.0,4.0,4.0,4.0,4.0,4.0,4.0,4.0,5.0,5.0,4.0,5.0,5.0,7.0,7.0,8.0,7.0,6.0,6.0,5.0,5.0,5,6,477.0
Saint Vincent and the Grenadines,12.98,-61.29,0.0,0.0,0.0,0.0,0.0,0.0,0.0,0.0,0.0,1.0,1.0,0.0,0.0,0.0,1.0,1.0,1.0,1.0,1.0,2.0,2.0,2.0,2.0,2.0,2.0,2.0,3.0,3.0,3.0,3.0,3.0,3.0,3.0,3.0,3.0,3.0,4.0,4.0,4.0,4.0,5.0,6.0,7.0,7.0,7.0,7.0,7.0,7.0,8.0,7.0,7.0,5,5,456.0
Samoa,-13.76,-172.1,0.0,0.0,0.0,0.0,0.0,1.0,0.0,0.0,0.0,1.0,1.0,1.0,1.0,1.0,1.0,1.0,1.0,1.0,1.0,1.0,1.0,1.0,1.0,1.0,1.0,1.0,1.0,1.0,1.0,1.0,1.0,1.0,1.0,1.0,1.0,1.0,1.0,1.0,2.0,2.0,2.0,2.0,2.0,2.0,2.0,2.0,2.0,3.0,3.0,3.0,2.0,5,5,207.0
Sao Tome and Principe,0.19,6.61,1.0,1.0,1.0,1.0,1.0,1.0,1.0,2.0,2.0,2.0,2.0,2.0,1.0,1.0,2.0,2.0,2.0,2.0,2.0,2.0,2.0,2.0,2.0,2.0,2.0,2.0,2.0,2.0,2.0,2.0,4.0,6.0,5.0,5.0,5.0,5.0,5.0,5.0,6.0,6.0,6.0,6.0,7.0,8.0,8.0,8.0,10.0,10.0,12.0,12.0,3.0,3,3,597.0
Saudi Arabia,23.89,45.08,215.0,221.0,226.0,241.0,280.0,334.0,280.0,283.0,296.0,372.0,1394.0,647.0,398.0,659.0,797.0,636.0,844.0,754.0,977.0,1074.0,978.0,1620.0,1590.0,1954.0,1878.0,1710.0,2159.0,2227.0,2300.0,2512.0,2051.0,2195.0,2245.0,2238.0,2461.0,2417.0,2403.0,2413.0,1825.0,1772.0,2022.0,2231.0,2280.0,2484.0,2498.0,2553.0,2512.0,2424.0,2465.0,2586.0,2605.0,2857,3038,253293.0
Senegal,14.5,-14.45,74.0,75.0,74.0,76.0,78.0,71.0,75.0,72.0,71.0,79.0,100.0,106.0,85.0,75.0,84.0,92.0,91.0,97.0,116.0,94.0,87.0,111.0,103.0,106.0,102.0,111.0,149.0,163.0,189.0,201.0,221.0,223.0,224.0,212.0,333.0,370.0,418.0,440.0,473.0,448.0,461.0,530.0,660.0,626.0,605.0,648.0,693.0,763.0,769.0,833.0,756.0,789,769,45813.0
Serbia,44.02,21.01,,,,,,,,,,,,,,,,,,,,,,,,,,,,,,,,,,,,,,,,,,,,,,1220.0,1015.0,1164.0,1155.0,1164.0,1119.0,881,1017,26205.0
Sierra Leone,8.46,-11.78,148.0,147.0,147.0,148.0,145.0,144.0,142.0,143.0,143.0,143.0,144.0,143.0,142.0,140.0,137.0,136.0,137.0,143.0,139.0,147.0,150.0,166.0,169.0,161.0,172.0,169.0,174.0,176.0,176.0,174.0,176.0,182.0,172.0,178.0,174.0,225.0,229.0,172.0,181.0,170.0,202.0,206.0,222.0,241.0,244.0,245.0,258.0,268.0,274.0,341.0,325.0,338,347,29745.0
Slovakia,48.67,19.7,,,,,,,,,,,,,,,,,,,,,,,,,,,,,,,,,397.0,368.0,354.0,408.0,460.0,495.0,567.0,444.0,415.0,366.0,395.0,437.0,404.0,463.0,481.0,530.0,516.0,503.0,518.0,341,330,27576.0
Slovenia,46.15,15.0,,,,,,,,,,,,,,,,,,,,,,,,,,,,,,,,106.0,127.0,121.0,136.0,140.0,134.0,130.0,174.0,150.0,138.0,148.0,154.0,167.0,175.0,176.0,155.0,173.0,179.0,154.0,165.0,155,166,9969.0
Solomon Islands,-9.65,160.16,3.0,3.0,3.0,3.0,3.0,4.0,4.0,4.0,4.0,4.0,4.0,4.0,4.0,4.0,4.0,5.0,5.0,5.0,5.0,5.0,5.0,5.0,5.0,5.0,6.0,6.0,6.0,6.0,6.0,7.0,5.0,6.0,6.0,6.0,6.0,6.0,6.0,7.0,7.0,7.0,7.0,8.0,8.0,9.0,8.0,9.0,8.0,8.0,8.0,8.0,8.0,8,8,912.0
South Africa,-30.56,22.94,831.0,796.0,841.0,915.0,936.0,917.0,997.0,964.0,1024.0,1050.0,1038.0,1118.0,1128.0,1168.0,1274.0,1343.0,1315.0,1352.0,1351.0,1417.0,1585.0,1612.0,1505.0,1561.0,1643.0,1651.0,1720.0,1662.0,1767.0,1695.0,1752.0,1741.0,1791.0,1746.0,1879.0,1838.0,1913.0,1884.0,1960.0,1862.0,1950.0,1861.0,2005.0,2002.0,2020.0,1957.0,2086.0,2254.0,2182.0,2345.0,2342.0,2454,2272,252816.0
Spain,40.46,-3.75,4972.0,4862.0,5092.0,5053.0,4780.0,4798.0,4845.0,4910.0,4856.0,5034.0,5201.0,5332.0,5823.0,6361.0,6450.0,5990.0,6426.0,6428.0,6448.0,6569.0,6212.0,6500.0,6113.0,6472.0,6475.0,6428.0,6465.0,7203.0,7606.0,8256.0,7318.0,6961.0,6374.0,6362.0,5883.0,6209.0,6276.0,6335.0,6771.0,6629.0,6341.0,6761.0,6515.0,6922.0,6758.0,6474.0,6908.0,6577.0,7246.0,6489.0,5839.0,5898,5591,982191.0
Sri Lanka,7.87,80.77,200.0,180.0,194.0,219.0,201.0,178.0,167.0,162.0,176.0,205.0,149.0,144.0,161.0,159.0,261.0,249.0,241.0,230.0,353.0,387.0,347.0,301.0,475.0,625.0,558.0,602.0,534.0,608.0,502.0,542.0,536.0,545.0,529.0,537.0,564.0,551.0,583.0,549.0,622.0,619.0,564.0,588.0,587.0,601.0,677.0,724.0,814.0,807.0,797.0,798.0,844.0,877,984,73821.0
Sudan,12.86,30.22,,,,,,,,,,,,,,,,,,,,,,,,,,,,,,,,,,,,,,,,,,,,,,,,,,,,3071,3183,18762.0
Suriname,3.92,-56.03,5.0,5.0,6.0,6.0,6.0,7.0,8.0,7.0,7.0,7.0,6.0,6.0,6.0,6.0,4.0,5.0,6.0,6.0,7.0,7.0,9.0,8.0,7.0,8.0,10.0,6.0,17.0,18.0,17.0,25.0,29.0,34.0,38.0,36.0,29.0,28.0,30.0,25.0,31.0,30.0,34.0,27.0,27.0,32.0,33.0,30.0,27.0,24.0,24.0,25.0,25.0,23,31,2760.0
Swaziland,-26.52,31.47,6.0,6.0,6.0,6.0,7.0,7.0,7.0,8.0,8.0,8.0,9.0,9.0,9.0,9.0,10.0,10.0,10.0,10.0,11.0,11.0,15.0,14.0,14.0,14.0,14.0,18.0,19.0,21.0,24.0,25.0,24.0,24.0,25.0,24.0,25.0,25.0,18.0,21.0,21.0,21.0,24.0,25.0,25.0,32.0,26.0,21.0,19.0,19.0,19.0,19.0,20.0,20,26,2604.0
Sweden,60.13,18.64,266.0,255.0,269.0,281.0,279.0,339.0,320.0,265.0,260.0,307.0,320.0,305.0,301.0,346.0,342.0,358.0,380.0,366.0,384.0,396.0,400.0,418.0,413.0,449.0,458.0,460.0,452.0,540.0,542.0,564.0,531.0,572.0,578.0,611.0,571.0,618.0,622.0,643.0,663.0,652.0,672.0,686.0,703.0,755.0,760.0,807.0,788.0,820.0,854.0,827.0,888.0,934,903,82479.0
Switzerland,46.82,8.23,398.0,386.0,435.0,428.0,426.0,465.0,464.0,462.0,479.0,473.0,489.0,507.0,530.0,554.0,492.0,541.0,537.0,608.0,526.0,595.0,630.0,607.0,596.0,631.0,622.0,576.0,574.0,623.0,602.0,605.0,632.0,626.0,621.0,642.0,676.0,684.0,671.0,685.0,677.0,719.0,702.0,716.0,693.0,705.0,652.0,660.0,684.0,730.0,773.0,814.0,898.0,866,878,96795.0
Tajikistan,38.86,71.28,,,,,,,,,,,,,,,,,,,,,,,,,,,,,,,,547.0,665.0,540.0,559.0,416.0,330.0,363.0,462.0,379.0,449.0,513.0,598.0,654.0,704.0,790.0,731.0,869.0,1039.0,1069.0,1218.0,1318,1403,46848.0
Thailand,15.87,100.99,1176.0,1264.0,1391.0,1345.0,1368.0,1523.0,1627.0,1731.0,1937.0,1743.0,1901.0,1930.0,2190.0,2127.0,2269.0,2266.0,2101.0,2138.0,2270.0,2476.0,2555.0,2649.0,2250.0,2118.0,2153.0,2087.0,2082.0,2133.0,2070.0,2117.0,2266.0,2272.0,2373.0,2537.0,2629.0,2566.0,2620.0,2656.0,2686.0,3355.0,3509.0,3617.0,3032.0,3379.0,3203.0,3115.0,3378.0,3264.0,3233.0,3303.0,3266.0,3447,3455,384444.0
The former Yugoslav Republic of Macedonia,41.61,21.75,,,,,,,,,,,,,,,,,,,,,,,,,,,,,,,,349.0,297.0,311.0,345.0,359.0,298.0,369.0,366.0,382.0,401.0,325.0,323.0,303.0,288.0,299.0,321.0,289.0,404.0,418.0,396.0,429,428,23100.0
Timor-Leste,-8.87,125.73,16.0,16.0,16.0,16.0,16.0,18.0,19.0,19.0,19.0,20.0,20.0,21.0,21.0,22.0,22.0,21.0,21.0,21.0,21.0,21.0,21.0,22.0,22.0,23.0,23.0,22.0,22.0,22.0,22.0,22.0,21.0,21.0,22.0,22.0,17.0,22.0,22.0,22.0,22.0,25.0,26.0,25.0,25.0,26.0,28.0,26.0,27.0,27.0,32.0,30.0,35.0,37,38,3615.0
Togo,8.62,0.82,37.0,38.0,38.0,43.0,42.0,44.0,43.0,46.0,46.0,47.0,49.0,50.0,51.0,50.0,51.0,55.0,56.0,58.0,60.0,63.0,68.0,71.0,75.0,80.0,88.0,92.0,104.0,127.0,144.0,162.0,176.0,197.0,205.0,230.0,209.0,139.0,137.0,131.0,126.0,133.0,134.0,147.0,158.0,170.0,155.0,162.0,178.0,175.0,169.0,171.0,173.0,171,189,17439.0
Trinidad and Tobago,10.69,-61.22,15.0,15.0,15.0,15.0,13.0,15.0,17.0,17.0,18.0,18.0,23.0,26.0,32.0,36.0,33.0,35.0,37.0,38.0,43.0,52.0,48.0,55.0,48.0,41.0,40.0,42.0,36.0,27.0,31.0,26.0,37.0,31.0,27.0,32.0,38.0,33.0,36.0,42.0,36.0,40.0,43.0,39.0,43.0,45.0,46.0,46.0,44.0,45.0,46.0,40.0,47.0,50,50,5529.0
Tunisia,33.89,9.54,304.0,365.0,332.0,325.0,385.0,437.0,395.0,397.0,476.0,502.0,564.0,591.0,639.0,716.0,733.0,844.0,779.0,849.0,909.0,908.0,970.0,921.0,1046.0,1088.0,1105.0,1143.0,1198.0,1028.0,1082.0,1348.0,1397.0,1402.0,1252.0,1355.0,1419.0,1531.0,1379.0,1608.0,1681.0,1707.0,1520.0,1730.0,1941.0,2055.0,1987.0,2031.0,2196.0,2219.0,2302.0,2693.0,2409.0,2496,2763,196356.0
Turkey,38.96,35.24,4204.0,4348.0,4538.0,4765.0,4807.0,4805.0,4957.0,5095.0,5493.0,5894.0,5930.0,6150.0,5699.0,6094.0,6501.0,7171.0,7124.0,7801.0,8566.0,8392.0,8473.0,8416.0,8510.0,9027.0,10256.0,9985.0,10259.0,10350.0,10398.0,11515.0,11724.0,12112.0,11819.0,12326.0,14202.0,13946.0,13244.0,14983.0,15929.0,15899.0,15487.0,16497.0,16463.0,16046.0,16869.0,16458.0,16303.0,17183.0,16759.0,16378.0,17609.0,17689,18077,1708575.0
Turkmenistan,38.97,59.56,,,,,,,,,,,,,,,,,,,,,,,,,,,,,,,,358.0,378.0,390.0,406.0,388.0,399.0,385.0,397.0,461.0,396.0,552.0,614.0,623.0,676.0,692.0,736.0,741.0,768.0,787.0,784.0,785,785,37503.0
Uganda,1.37,32.29,156.0,160.0,169.0,169.0,176.0,178.0,182.0,182.0,187.0,192.0,200.0,205.0,215.0,211.0,222.0,226.0,236.0,244.0,252.0,260.0,271.0,283.0,296.0,306.0,317.0,328.0,341.0,351.0,365.0,370.0,392.0,387.0,405.0,415.0,432.0,412.0,438.0,456.0,474.0,493.0,527.0,521.0,643.0,668.0,598.0,737.0,766.0,787.0,668.0,894.0,991.0,1018,1020,64176.0
Ukraine,48.38,31.17,,,,,,,,,,,,,,,,,,,,,,,,,,,,,,,,4602.0,4643.0,4351.0,4958.0,4696.0,4603.0,4736.0,4790.0,5017.0,5152.0,5271.0,5505.0,5527.0,5781.0,6048.0,5569.0,6102.0,6421.0,6641.0,7501.0,7478,7409,368403.0
United Arab Emirates,23.42,53.85,1.0,1.0,1.0,1.0,1.0,4.0,7.0,10.0,15.0,22.0,23.0,23.0,30.0,66.0,66.0,104.0,122.0,140.0,169.0,201.0,238.0,317.0,371.0,351.0,373.0,419.0,423.0,435.0,478.0,433.0,477.0,601.0,669.0,561.0,586.0,523.0,573.0,632.0,797.0,807.0,571.0,562.0,514.0,662.0,611.0,614.0,531.0,772.0,610.0,731.0,683.0,746,650,57984.0
United Kingdom,55.38,-3.44,3144.0,3207.0,3842.0,3533.0,3513.0,3833.0,3952.0,3988.0,4241.0,4212.0,4214.0,4102.0,4394.0,4512.0,3985.0,3698.0,5093.0,4365.0,4496.0,4412.0,4397.0,4843.0,4551.0,4765.0,4615.0,4695.0,4568.0,4989.0,4951.0,5065.0,5117.0,5250.0,5172.0,4718.0,4479.0,4727.0,4945.0,5190.0,5442.0,5155.0,5398.0,5112.0,5531.0,5438.0,5802.0,5682.0,5607.0,5726.0,5492.0,5784.0,6074.0,5853,6147,756048.0
United Republic of Tanzania,-6.37,34.89,549.0,565.0,581.0,601.0,615.0,628.0,665.0,682.0,716.0,743.0,747.0,750.0,759.0,775.0,783.0,806.0,830.0,825.0,839.0,870.0,883.0,895.0,908.0,921.0,935.0,949.0,962.0,976.0,989.0,1030.0,1044.0,990.0,878.0,927.0,976.0,1019.0,993.0,1019.0,1029.0,1030.0,1040.0,1037.0,1197.0,1051.0,976.0,1200.0,1306.0,1291.0,1591.0,1751.0,2050.0,2143,2240,157665.0
United States of America,37.09,-95.71,17713.0,18628.0,17584.0,17462.0,18097.0,18321.0,19603.0,21463.0,19413.0,19900.0,20930.0,21140.0,21118.0,22443.0,23275.0,22524.0,24303.0,24465.0,25384.0,23535.0,23610.0,26416.0,24703.0,26816.0,26981.0,26504.0,27967.0,26428.0,30072.0,29710.0,29521.0,29272.0,29704.0,33957.0,32927.0,33713.0,33660.0,32913.0,37552.0,37674.0,35720.0,37967.0,37102.0,39107.0,36668.0,37892.0,39116.0,35699.0,37686.0,37496.0,36650.0,37515,36472,4507473.0
Uruguay,-32.52,-55.77,98.0,94.0,93.0,90.0,87.0,82.0,84.0,90.0,94.0,105.0,106.0,108.0,110.0,113.0,116.0,119.0,122.0,129.0,134.0,138.0,135.0,131.0,120.0,118.0,116.0,116.0,117.0,106.0,110.0,96.0,107.0,119.0,144.0,149.0,145.0,171.0,182.0,191.0,215.0,187.0,192.0,187.0,192.0,177.0,186.0,186.0,199.0,188.0,183.0,192.0,179.0,207,204,22077.0
Uzbekistan,41.38,64.59,,,,,,,,,,,,,,,,,,,,,,,,,,,,,,,,3299.0,2925.0,2948.0,2776.0,2577.0,2385.0,2468.0,2871.0,2688.0,2909.0,3000.0,3366.0,3238.0,3381.0,4185.0,4594.0,5198.0,5611.0,6074.0,6613.0,7564,8082,266256.0
Vanuatu,-15.38,166.96,3.0,3.0,3.0,3.0,4.0,4.0,4.0,4.0,4.0,5.0,5.0,5.0,5.0,5.0,5.0,5.0,5.0,6.0,6.0,7.0,6.0,7.0,7.0,7.0,7.0,7.0,8.0,7.0,8.0,8.0,8.0,8.0,11.0,6.0,5.0,7.0,10.0,10.0,10.0,11.0,10.0,10.0,11.0,11.0,9.0,9.0,11.0,11.0,13.0,13.0,12.0,13,13,1185.0
Venezuela (Bolivarian Republic of),6.42,-66.59,143.0,128.0,135.0,164.0,169.0,169.0,167.0,183.0,165.0,198.0,194.0,204.0,213.0,236.0,242.0,287.0,306.0,330.0,369.0,385.0,358.0,349.0,336.0,327.0,309.0,318.0,355.0,391.0,388.0,405.0,494.0,560.0,612.0,763.0,842.0,891.0,998.0,1258.0,1224.0,1104.0,1149.0,1306.0,1322.0,1433.0,1541.0,1295.0,1464.0,1505.0,1564.0,1776.0,1946.0,1388,1584,107826.0
Viet Nam,14.06,108.28,1618.0,1656.0,1689.0,1724.0,1762.0,1798.0,1832.0,1869.0,1905.0,1937.0,1960.0,1946.0,1932.0,1934.0,1982.0,2032.0,2084.0,2143.0,2198.0,2225.0,2356.0,2388.0,2566.0,2713.0,2461.0,2743.0,2759.0,2736.0,2917.0,3036.0,3043.0,3117.0,3293.0,3581.0,3906.0,3938.0,4920.0,5080.0,5561.0,5824.0,6507.0,6635.0,6884.0,7013.0,7132.0,6955.0,7235.0,7040.0,7354.0,7795.0,6861.0,12782,13520,632631.0
Yemen,15.55,48.52,90.0,91.0,98.0,103.0,108.0,109.0,113.0,118.0,98.0,86.0,171.0,186.0,220.0,230.0,251.0,297.0,314.0,350.0,356.0,379.0,333.0,364.0,379.0,411.0,444.0,478.0,485.0,496.0,559.0,510.0,501.0,520.0,519.0,494.0,476.0,532.0,561.0,593.0,516.0,545.0,573.0,584.0,671.0,643.0,676.0,702.0,776.0,765.0,801.0,808.0,664.0,859,760,68298.0
Zambia,-13.13,27.85,105.0,108.0,111.0,113.0,116.0,121.0,125.0,129.0,135.0,137.0,141.0,144.0,147.0,155.0,160.0,166.0,170.0,175.0,183.0,188.0,194.0,199.0,205.0,211.0,216.0,222.0,228.0,233.0,239.0,244.0,247.0,222.0,247.0,241.0,233.0,246.0,235.0,223.0,236.0,241.0,244.0,240.0,262.0,265.0,260.0,317.0,330.0,333.0,296.0,333.0,366.0,387,375,34197.0
Zimbabwe,-19.02,29.15,73.0,76.0,77.0,79.0,82.0,84.0,87.0,90.0,93.0,96.0,99.0,102.0,106.0,109.0,113.0,116.0,119.0,120.0,120.0,122.0,123.0,124.0,126.0,126.0,127.0,129.0,130.0,132.0,134.0,136.0,138.0,121.0,128.0,126.0,130.0,131.0,132.0,126.0,125.0,126.0,145.0,135.0,153.0,161.0,166.0,208.0,185.0,137.0,179.0,215.0,217.0,227,227,20664.0
